[
    {
        "id": 1,
        "name":"name1",
        "nameDesc":"name1Desc",
        "designation":"Enterprise Admin1",
        "lastActive":"Apr 28",
        "workspacesActive":14
    },
    {
        "id": 2,
        "name":"name2",
        "nameDesc":"name2Desc",
        "designation":"Enterprise Admin2",
        "lastActive":"Apr 8",
        "workspacesActive":4
    },
    {
        "id": 3,
        "name":"name3",
        "nameDesc":"name3Desc",
        "designation":"Enterprise Admin3",
        "lastActive":"Apr 23",
        "workspacesActive":34
    },
    {
        "id": 4,
        "name":"name4",
        "nameDesc":"name4Desc",
        "designation":"Enterprise Admin4",
        "lastActive":"Apr 24",
        "workspacesActive":44
    },
    {
        "id": 5,
        "name":"name5",
        "nameDesc":"name5Desc",
        "designation":"Enterprise Admin5",
        "lastActive":"Apr 25",
        "workspacesActive":54
    },
    {
        "id": 6,
        "name":"name6",
        "nameDesc":"name6Desc",
        "designation":"Enterprise Admin6",
        "lastActive":"Apr 26",
        "workspacesActive":16
    },
    {
        "id": 7,
        "name":"name7",
        "nameDesc":"name7Desc",
        "designation":"Enterprise Admin7",
        "lastActive":"Apr 27",
        "workspacesActive":17
    },
    {
        "id": 8,
        "name":"name8",
        "nameDesc":"name8Desc",
        "designation":"Enterprise Admin8",
        "lastActive":"Apr 88",
        "workspacesActive":18
    }
]