[
    {
        "id":1,
        "name":"Name 1",
        "key": "GJAS",
        "type": "Type 1",
        "lead": "Lead 1"
    },
    {
        "id":2,
        "name":"Name 2",
        "key": "GJAS",
        "type": "Type 2",
        "lead": "Lead 2"
    },
    {
        "id":3,
        "name":"Name 3",
        "key": "GJAS",
        "type": "Type 3",
        "lead": "Lead 3"
    },
    {
        "id":2,
        "name":"Name 4",
        "key": "GJAS",
        "type": "Type 2",
        "lead": "Lead 2"
    }
]