{"v":"4.8.0","meta":{"g":"LottieFiles AE 3.1.1","a":"","k":"","d":"","tc":""},"fr":29.9700012207031,"ip":0,"op":91.000003706506,"w":299,"h":290,"nm":"hand-device-check-raw","ddd":0,"assets":[{"id":"comp_0","layers":[{"ddd":0,"ind":1,"ty":0,"nm":"Hand and Device","refId":"comp_1","sr":1,"ks":{"o":{"a":0,"k":100,"ix":11},"r":{"a":1,"k":[{"i":{"x":[0.5],"y":[1]},"o":{"x":[0.5],"y":[0]},"t":16,"s":[-17.73]},{"t":38.0000015477717,"s":[0]}],"ix":10},"p":{"a":1,"k":[{"i":{"x":0.5,"y":1},"o":{"x":0.5,"y":0},"t":16,"s":[288.742,274.64,0],"to":[0,0,0],"ti":[0,0,0]},{"t":38.0000015477717,"s":[141.5,140.5,0]}],"ix":2},"a":{"a":0,"k":[149.5,145,0],"ix":1},"s":{"a":0,"k":[100,100,100],"ix":6}},"ao":0,"w":299,"h":290,"ip":0,"op":899.000036617021,"st":0,"bm":0}]},{"id":"comp_1","layers":[{"ddd":0,"ind":1,"ty":4,"nm":"Hand Top Highlight Outlines","parent":3,"sr":1,"ks":{"o":{"a":0,"k":100,"ix":11},"r":{"a":0,"k":0,"ix":10},"p":{"a":0,"k":[39.688,47.278,0],"ix":2},"a":{"a":0,"k":[39.106,47.221,0],"ix":1},"s":{"a":0,"k":[100,100,100],"ix":6}},"ao":0,"shapes":[{"ty":"gr","it":[{"ind":0,"ty":"sh","ix":1,"ks":{"a":0,"k":{"i":[[14.355,13.269],[3.891,-0.212],[8.139,3.334],[-0.346,-0.041],[-3.623,0.198],[-1.453,-1.344],[-4.806,-3.384],[-0.307,-3.88],[-0.855,-5.75],[-3.057,-3.22],[0,0],[0.855,5.75],[2.878,11.834],[4.806,3.383]],"o":[[-1.453,-1.343],[-2.86,0.157],[0.237,-0.204],[7.668,0.924],[3.891,-0.212],[14.356,13.269],[4.806,3.384],[0.958,12.142],[0.855,5.75],[0,0],[-2.541,-3.641],[-0.855,-5.75],[-0.91,-3.737],[-4.806,-3.384]],"v":[[-10.469,-40.005],[-17.576,-43.205],[-38.855,-46.653],[-37.953,-46.93],[-11.71,-46.137],[-5.508,-44.588],[22.094,-20.264],[27.555,-9.553],[30.881,30.271],[38.855,43.001],[30.835,46.971],[27.376,33.223],[23.96,-5.752],[13.874,-18.691]],"c":true},"ix":2},"nm":"Path 1","mn":"ADBE Vector Shape - Group","hd":false},{"ty":"fl","c":{"a":0,"k":[0.670588235294,0.294117647059,0.196078446332,1],"ix":4},"o":{"a":0,"k":100,"ix":5},"r":1,"bm":0,"nm":"Fill 1","mn":"ADBE Vector Graphic - Fill","hd":false},{"ty":"tr","p":{"a":0,"k":[39.105,47.222],"ix":2},"a":{"a":0,"k":[0,0],"ix":1},"s":{"a":0,"k":[100,100],"ix":3},"r":{"a":0,"k":0,"ix":6},"o":{"a":0,"k":100,"ix":7},"sk":{"a":0,"k":0,"ix":4},"sa":{"a":0,"k":0,"ix":5},"nm":"Transform"}],"nm":"Group 1","np":4,"cix":2,"bm":0,"ix":1,"mn":"ADBE Vector Group","hd":false}],"ip":0,"op":899.000036617021,"st":0,"bm":0},{"ddd":0,"ind":2,"ty":4,"nm":"Hand Top Shade Outlines","parent":3,"sr":1,"ks":{"o":{"a":0,"k":100,"ix":11},"r":{"a":0,"k":0,"ix":10},"p":{"a":0,"k":[26.334,28.035,0],"ix":2},"a":{"a":0,"k":[23.452,25.633,0],"ix":1},"s":{"a":0,"k":[100,100,100],"ix":6}},"ao":0,"shapes":[{"ty":"gr","it":[{"ind":0,"ty":"sh","ix":1,"ks":{"a":0,"k":{"i":[[0.172,0.059],[-1.779,-2.09],[0.816,0.795],[0.38,3.916]],"o":[[1.517,5.079],[1.78,2.09],[-0.815,-0.795],[0.392,-0.762]],"v":[[-4.122,-6.72],[3.347,4.713],[2.633,5.107],[-5.127,-6.041]],"c":true},"ix":2},"nm":"Path 1","mn":"ADBE Vector Shape - Group","hd":false},{"ty":"fl","c":{"a":0,"k":[0.501960784314,0.188235309077,0.105882360421,1],"ix":4},"o":{"a":0,"k":100,"ix":5},"r":1,"bm":0,"nm":"Fill 1","mn":"ADBE Vector Graphic - Fill","hd":false},{"ty":"tr","p":{"a":0,"k":[41.528,44.215],"ix":2},"a":{"a":0,"k":[0,0],"ix":1},"s":{"a":0,"k":[100,100],"ix":3},"r":{"a":0,"k":0,"ix":6},"o":{"a":0,"k":100,"ix":7},"sk":{"a":0,"k":0,"ix":4},"sa":{"a":0,"k":0,"ix":5},"nm":"Transform"}],"nm":"Group 1","np":4,"cix":2,"bm":0,"ix":1,"mn":"ADBE Vector Group","hd":false},{"ty":"gr","it":[{"ind":0,"ty":"sh","ix":1,"ks":{"a":0,"k":{"i":[[0.176,0.031],[-2.056,-1.763],[0.917,0.649],[0.972,3.757]],"o":[[2.259,4.714],[2.055,1.762],[-0.917,-0.649],[0.264,-0.803]],"v":[[-5.108,-5.875],[3.927,4.113],[3.292,4.607],[-5.982,-5.059]],"c":true},"ix":2},"nm":"Path 1","mn":"ADBE Vector Shape - Group","hd":false},{"ty":"fl","c":{"a":0,"k":[0.501960784314,0.188235309077,0.105882360421,1],"ix":4},"o":{"a":0,"k":100,"ix":5},"r":1,"bm":0,"nm":"Fill 1","mn":"ADBE Vector Graphic - Fill","hd":false},{"ty":"tr","p":{"a":0,"k":[39.614,35.718],"ix":2},"a":{"a":0,"k":[0,0],"ix":1},"s":{"a":0,"k":[100,100],"ix":3},"r":{"a":0,"k":0,"ix":6},"o":{"a":0,"k":100,"ix":7},"sk":{"a":0,"k":0,"ix":4},"sa":{"a":0,"k":0,"ix":5},"nm":"Transform"}],"nm":"Group 2","np":4,"cix":2,"bm":0,"ix":2,"mn":"ADBE Vector Group","hd":false},{"ty":"gr","it":[{"ind":0,"ty":"sh","ix":1,"ks":{"a":0,"k":{"i":[[0.756,0.698],[0.51,-0.175],[-4.01,-1.193]],"o":[[-1.94,-0.381],[-2.332,-0.082],[-0.723,-0.667]],"v":[[2.124,-0.835],[-2.012,-1.035],[4.344,1.216]],"c":true},"ix":2},"nm":"Path 1","mn":"ADBE Vector Shape - Group","hd":false},{"ty":"fl","c":{"a":0,"k":[0.501960784314,0.188235309077,0.105882360421,1],"ix":4},"o":{"a":0,"k":100,"ix":5},"r":1,"bm":0,"nm":"Fill 1","mn":"ADBE Vector Graphic - Fill","hd":false},{"ty":"tr","p":{"a":0,"k":[29.547,1.466],"ix":2},"a":{"a":0,"k":[0,0],"ix":1},"s":{"a":0,"k":[100,100],"ix":3},"r":{"a":0,"k":0,"ix":6},"o":{"a":0,"k":100,"ix":7},"sk":{"a":0,"k":0,"ix":4},"sa":{"a":0,"k":0,"ix":5},"nm":"Transform"}],"nm":"Group 3","np":4,"cix":2,"bm":0,"ix":3,"mn":"ADBE Vector Group","hd":false},{"ty":"gr","it":[{"ind":0,"ty":"sh","ix":1,"ks":{"a":0,"k":{"i":[[3.563,7.308],[2.923,6.395],[7.217,1.553],[5.55,3.237],[-3.222,-0.504],[-1.42,-2.113],[-2.882,-5.274],[0,-2],[0,0],[-1.966,2.561]],"o":[[-3.562,-7.309],[-2.923,-6.394],[-4.22,-0.908],[5.646,6.407],[3.019,0.471],[3.624,5.397],[1.621,2.966],[0,0],[0,0],[1.376,-2.5]],"v":[[17.159,8.693],[6.288,-7.477],[-4.674,-14.968],[-20.722,-21.179],[0.024,-11.026],[4.651,-5.351],[13.341,9.2],[14.535,16.118],[16.035,20.118],[17.159,18.618]],"c":true},"ix":2},"nm":"Path 1","mn":"ADBE Vector Shape - Group","hd":false},{"ty":"fl","c":{"a":0,"k":[0.501960784314,0.188235309077,0.105882360421,1],"ix":4},"o":{"a":0,"k":100,"ix":5},"r":1,"bm":0,"nm":"Fill 1","mn":"ADBE Vector Graphic - Fill","hd":false},{"ty":"tr","p":{"a":0,"k":[20.972,25.25],"ix":2},"a":{"a":0,"k":[0,0],"ix":1},"s":{"a":0,"k":[100,100],"ix":3},"r":{"a":0,"k":0,"ix":6},"o":{"a":0,"k":100,"ix":7},"sk":{"a":0,"k":0,"ix":4},"sa":{"a":0,"k":0,"ix":5},"nm":"Transform"}],"nm":"Group 4","np":4,"cix":2,"bm":0,"ix":4,"mn":"ADBE Vector Group","hd":false}],"ip":0,"op":899.000036617021,"st":0,"bm":0},{"ddd":0,"ind":3,"ty":4,"nm":"Hand Top Outlines","sr":1,"ks":{"o":{"a":0,"k":100,"ix":11},"r":{"a":0,"k":0,"ix":10},"p":{"a":0,"k":[198.949,149.456,0],"ix":2},"a":{"a":0,"k":[39.397,46.998,0],"ix":1},"s":{"a":0,"k":[100,100,100],"ix":6}},"ao":0,"shapes":[{"ty":"gr","it":[{"ind":0,"ty":"sh","ix":1,"ks":{"a":0,"k":{"i":[[7.668,0.924],[-0.222,-0.791],[-3.928,-0.614],[-1.42,-2.113],[-2.882,-5.274],[1.504,-2.979],[-2.933,-11.973],[0,0],[-4.686,0.493],[0,0],[0.855,5.75],[0.958,12.142],[4.806,3.384],[14.355,13.269],[3.892,-0.212]],"o":[[-0.816,-0.098],[2.683,9.527],[3.019,0.472],[3.624,5.397],[1.621,2.966],[2.828,22.01],[0,0],[-3.411,3.249],[0,0],[-3.057,-3.22],[-0.855,-5.749],[-0.306,-3.881],[-4.806,-3.384],[-1.453,-1.344],[-3.622,0.198]],"v":[[-37.662,-46.65],[-38.925,-45.195],[-15.52,-30.372],[-10.894,-24.697],[-2.204,-10.146],[0.49,0.773],[6.907,37.434],[6.99,37.773],[10.911,46.255],[39.147,43.282],[31.171,30.553],[27.846,-9.273],[22.386,-19.984],[-5.217,-44.308],[-11.42,-45.857]],"c":true},"ix":2},"nm":"Path 1","mn":"ADBE Vector Shape - Group","hd":false},{"ty":"fl","c":{"a":0,"k":[0.635294117647,0.239215701234,0.133333333333,1],"ix":4},"o":{"a":0,"k":100,"ix":5},"r":1,"bm":0,"nm":"Fill 1","mn":"ADBE Vector Graphic - Fill","hd":false},{"ty":"tr","p":{"a":0,"k":[39.397,46.998],"ix":2},"a":{"a":0,"k":[0,0],"ix":1},"s":{"a":0,"k":[100,100],"ix":3},"r":{"a":0,"k":0,"ix":6},"o":{"a":0,"k":100,"ix":7},"sk":{"a":0,"k":0,"ix":4},"sa":{"a":0,"k":0,"ix":5},"nm":"Transform"}],"nm":"Group 1","np":4,"cix":2,"bm":0,"ix":1,"mn":"ADBE Vector Group","hd":false}],"ip":0,"op":899.000036617021,"st":0,"bm":0},{"ddd":0,"ind":4,"ty":4,"nm":"Shadow Outlines","sr":1,"ks":{"o":{"a":0,"k":15,"ix":11},"r":{"a":0,"k":0,"ix":10},"p":{"a":0,"k":[178.101,124.041,0],"ix":2},"a":{"a":0,"k":[20.588,18.437,0],"ix":1},"s":{"a":0,"k":[100,100,100],"ix":6}},"ao":0,"shapes":[{"ty":"gr","it":[{"ind":0,"ty":"sh","ix":1,"ks":{"a":0,"k":{"i":[[-8.146,-4.911],[0,0],[0,0],[3.048,-0.167],[-3.586,-4.523],[-6.162,-2.308]],"o":[[0,0],[-0.928,-1.273],[0,0],[-3.941,-0.517],[3.803,4.795],[2.84,1.064]],"v":[[20.338,18.187],[8.877,-8.708],[7.344,-10.716],[-16.397,-17.67],[-15.374,-9.591],[2.152,2.753]],"c":true},"ix":2},"nm":"Path 1","mn":"ADBE Vector Shape - Group","hd":false},{"ty":"fl","c":{"a":0,"k":[0,0,0,1],"ix":4},"o":{"a":0,"k":100,"ix":5},"r":1,"bm":0,"nm":"Fill 1","mn":"ADBE Vector Graphic - Fill","hd":false},{"ty":"tr","p":{"a":0,"k":[20.588,18.437],"ix":2},"a":{"a":0,"k":[0,0],"ix":1},"s":{"a":0,"k":[100,100],"ix":3},"r":{"a":0,"k":0,"ix":6},"o":{"a":0,"k":100,"ix":7},"sk":{"a":0,"k":0,"ix":4},"sa":{"a":0,"k":0,"ix":5},"nm":"Transform"}],"nm":"Group 1","np":4,"cix":2,"bm":0,"ix":1,"mn":"ADBE Vector Group","hd":false}],"ip":0,"op":899.000036617021,"st":0,"bm":0},{"ddd":0,"ind":5,"ty":4,"nm":"Check Outlines","parent":7,"sr":1,"ks":{"o":{"a":0,"k":100,"ix":11},"r":{"a":0,"k":0,"ix":10},"p":{"a":0,"k":[49.972,70.662,0],"ix":2},"a":{"a":0,"k":[16.749,15.771,0],"ix":1},"s":{"a":0,"k":[100,100,100],"ix":6}},"ao":0,"shapes":[{"ind":0,"ty":"sh","ix":1,"ks":{"a":0,"k":{"i":[[0,0],[0,0],[0,0]],"o":[[0,0],[0,0],[0,0]],"v":[[6.69,20.067],[15.193,24.851],[26.808,6.69]],"c":false},"ix":2},"nm":"Path 1","mn":"ADBE Vector Shape - Group","hd":false},{"ty":"tm","s":{"a":0,"k":0,"ix":1},"e":{"a":1,"k":[{"i":{"x":[0.5],"y":[1]},"o":{"x":[0.5],"y":[0]},"t":61,"s":[0]},{"t":73.000002973351,"s":[100]}],"ix":2},"o":{"a":0,"k":0,"ix":3},"m":1,"ix":2,"nm":"Trim Paths 1","mn":"ADBE Vector Filter - Trim","hd":false},{"ty":"st","c":{"a":0,"k":[1,1,1,1],"ix":3},"o":{"a":0,"k":100,"ix":4},"w":{"a":0,"k":6.69,"ix":5},"lc":2,"lj":2,"bm":0,"nm":"Stroke 1","mn":"ADBE Vector Graphic - Stroke","hd":false}],"ip":0,"op":899.000036617021,"st":0,"bm":0},{"ddd":0,"ind":6,"ty":4,"nm":"Shape Layer 1","sr":1,"ks":{"o":{"a":0,"k":100,"ix":11},"r":{"a":0,"k":0,"ix":10},"p":{"a":0,"k":[159.844,134.705,0],"ix":2},"a":{"a":0,"k":[10.167,-10.573,0],"ix":1},"s":{"a":1,"k":[{"i":{"x":[0.5,0.5,0.5],"y":[1,1,1]},"o":{"x":[0.5,0.5,0.5],"y":[0,0,0]},"t":49,"s":[0,0,100]},{"t":60.0000024438501,"s":[122.951,122.951,100]}],"ix":6}},"ao":0,"shapes":[{"ty":"gr","it":[{"d":1,"ty":"el","s":{"a":0,"k":[40.5,40.5],"ix":2},"p":{"a":0,"k":[0,0],"ix":3},"nm":"Ellipse Path 1","mn":"ADBE Vector Shape - Ellipse","hd":false},{"ty":"gf","o":{"a":0,"k":100,"ix":10},"r":1,"bm":0,"g":{"p":3,"k":{"a":0,"k":[0,0.42,0.8,1,0.5,0.486,0.9,0.857,1,0.553,1,0.714],"ix":9}},"s":{"a":0,"k":[19.322,-1.381],"ix":5},"e":{"a":0,"k":[-20.426,2.152],"ix":6},"t":1,"nm":"Gradient Fill 1","mn":"ADBE Vector Graphic - G-Fill","hd":false},{"ty":"tr","p":{"a":0,"k":[8.75,-10.25],"ix":2},"a":{"a":0,"k":[0,0],"ix":1},"s":{"a":0,"k":[100,100],"ix":3},"r":{"a":0,"k":0,"ix":6},"o":{"a":0,"k":100,"ix":7},"sk":{"a":0,"k":0,"ix":4},"sa":{"a":0,"k":0,"ix":5},"nm":"Transform"}],"nm":"Ellipse 1","np":3,"cix":2,"bm":0,"ix":1,"mn":"ADBE Vector Group","hd":false}],"ip":0,"op":899.000036617021,"st":0,"bm":0},{"ddd":0,"ind":7,"ty":4,"nm":"Device","sr":1,"ks":{"o":{"a":0,"k":100,"ix":11},"r":{"a":1,"k":[{"i":{"x":[0.687],"y":[1]},"o":{"x":[0.532],"y":[0]},"t":23,"s":[-3.371]},{"t":42.0000017106951,"s":[4.946]}],"ix":10},"p":{"a":1,"k":[{"i":{"x":0.5,"y":1},"o":{"x":0.5,"y":0},"t":23,"s":[156.527,155,0],"to":[0,0,0],"ti":[0,0,0]},{"t":42.0000017106951,"s":[157.527,141.361,0]}],"ix":2},"a":{"a":0,"k":[50.869,77.876,0],"ix":1},"s":{"a":0,"k":[100,100,100],"ix":6}},"ao":0,"shapes":[{"ty":"gr","it":[{"ind":0,"ty":"sh","ix":1,"ks":{"a":0,"k":{"i":[[0,0],[0,0],[-2.6,0.508],[0,0],[-0.521,-2.663],[0,0],[2.6,-0.508],[0,0],[0.521,2.663]],"o":[[0,0],[-0.52,-2.664],[0,0],[2.599,-0.508],[0,0],[0.52,2.663],[0,0],[-2.6,0.508],[0,0]],"v":[[-37.249,-9.714],[-46.266,-55.84],[-42.501,-61.583],[16.182,-73.055],[21.832,-69.152],[46.267,55.84],[42.503,61.581],[-16.18,73.055],[-21.83,69.152]],"c":true},"ix":2},"nm":"Path 1","mn":"ADBE Vector Shape - Group","hd":false},{"ty":"fl","c":{"a":0,"k":[1,1,1,1],"ix":4},"o":{"a":0,"k":100,"ix":5},"r":1,"bm":0,"nm":"Fill 1","mn":"ADBE Vector Graphic - Fill","hd":false},{"ty":"tr","p":{"a":0,"k":[51.74,76.411],"ix":2},"a":{"a":0,"k":[0,0],"ix":1},"s":{"a":0,"k":[100,100],"ix":3},"r":{"a":0,"k":0,"ix":6},"o":{"a":0,"k":100,"ix":7},"sk":{"a":0,"k":0,"ix":4},"sa":{"a":0,"k":0,"ix":5},"nm":"Transform"}],"nm":"Group 1","np":4,"cix":2,"bm":0,"ix":1,"mn":"ADBE Vector Group","hd":false},{"ty":"gr","it":[{"ind":0,"ty":"sh","ix":1,"ks":{"a":0,"k":{"i":[[0,0],[0,0],[-3.843,0.752],[0,0],[-0.751,-3.844],[0,0],[3.844,-0.751],[0,0],[0.538,2.754]],"o":[[0,0],[-0.751,-3.843],[0,0],[3.843,-0.751],[0,0],[0.751,3.844],[0,0],[-2.754,0.539],[0,0]],"v":[[-39.43,-9.975],[-48.382,-55.768],[-42.784,-64.088],[15.531,-75.488],[23.85,-69.889],[48.382,55.595],[42.783,63.914],[-17.503,75.7],[-23.465,71.688]],"c":true},"ix":2},"nm":"Path 1","mn":"ADBE Vector Shape - Group","hd":false},{"ty":"fl","c":{"a":0,"k":[0.113725497676,0.203921583587,0.345098039216,1],"ix":4},"o":{"a":0,"k":100,"ix":5},"r":1,"bm":0,"nm":"Fill 1","mn":"ADBE Vector Graphic - Fill","hd":false},{"ty":"tr","p":{"a":0,"k":[51.866,76.489],"ix":2},"a":{"a":0,"k":[0,0],"ix":1},"s":{"a":0,"k":[100,100],"ix":3},"r":{"a":0,"k":0,"ix":6},"o":{"a":0,"k":100,"ix":7},"sk":{"a":0,"k":0,"ix":4},"sa":{"a":0,"k":0,"ix":5},"nm":"Transform"}],"nm":"Group 2","np":4,"cix":2,"bm":0,"ix":2,"mn":"ADBE Vector Group","hd":false},{"ty":"gr","it":[{"ind":0,"ty":"sh","ix":1,"ks":{"a":0,"k":{"i":[[3.843,-0.752],[0,0],[0.752,3.843],[0,0],[-4.785,0.531],[0,0],[-0.752,-3.843],[0,0]],"o":[[0,0],[-3.843,0.751],[0,0],[-0.752,-3.844],[0,0],[3.843,-0.751],[0,0],[0.751,3.844]],"v":[[44.271,64.215],[-16.827,76.159],[-25.146,70.561],[-49.868,-55.895],[-42.734,-65.931],[16.828,-76.159],[25.148,-70.561],[49.869,55.895]],"c":true},"ix":2},"nm":"Path 1","mn":"ADBE Vector Shape - Group","hd":false},{"ty":"fl","c":{"a":0,"k":[0.313725490196,0.137254901961,0.462745127958,1],"ix":4},"o":{"a":0,"k":100,"ix":5},"r":1,"bm":0,"nm":"Fill 1","mn":"ADBE Vector Graphic - Fill","hd":false},{"ty":"tr","p":{"a":0,"k":[50.869,78.592],"ix":2},"a":{"a":0,"k":[0,0],"ix":1},"s":{"a":0,"k":[100,100],"ix":3},"r":{"a":0,"k":0,"ix":6},"o":{"a":0,"k":100,"ix":7},"sk":{"a":0,"k":0,"ix":4},"sa":{"a":0,"k":0,"ix":5},"nm":"Transform"}],"nm":"Group 3","np":4,"cix":2,"bm":0,"ix":3,"mn":"ADBE Vector Group","hd":false}],"ip":0,"op":899.000036617021,"st":0,"bm":0},{"ddd":0,"ind":8,"ty":4,"nm":"Hand Shade Outlines","sr":1,"ks":{"o":{"a":0,"k":100,"ix":11},"r":{"a":0,"k":0,"ix":10},"p":{"a":0,"k":[174.375,189.239,0],"ix":2},"a":{"a":0,"k":[88.523,100.759,0],"ix":1},"s":{"a":0,"k":[100,100,100],"ix":6}},"ao":0,"shapes":[{"ty":"gr","it":[{"ind":0,"ty":"sh","ix":1,"ks":{"a":0,"k":{"i":[[-1.874,-0.113],[0,0],[0,0],[2.955,0.077],[0.405,-3.904]],"o":[[0.7,-1.929],[0,0],[-2.68,0.154],[3.223,3.195],[1.99,0.232]],"v":[[4.844,6.679],[5.794,2.771],[2.742,-6.679],[-5.794,-6.604],[-0.977,6.164]],"c":true},"ix":2},"nm":"Path 1","mn":"ADBE Vector Shape - Group","hd":false},{"ty":"fl","c":{"a":0,"k":[0.501960784314,0.188235309077,0.105882360421,1],"ix":4},"o":{"a":0,"k":100,"ix":5},"r":1,"bm":0,"nm":"Fill 1","mn":"ADBE Vector Graphic - Fill","hd":false},{"ty":"tr","p":{"a":0,"k":[35.748,80.681],"ix":2},"a":{"a":0,"k":[0,0],"ix":1},"s":{"a":0,"k":[100,100],"ix":3},"r":{"a":0,"k":0,"ix":6},"o":{"a":0,"k":100,"ix":7},"sk":{"a":0,"k":0,"ix":4},"sa":{"a":0,"k":0,"ix":5},"nm":"Transform"}],"nm":"Group 1","np":4,"cix":2,"bm":0,"ix":1,"mn":"ADBE Vector Group","hd":false},{"ty":"gr","it":[{"ind":0,"ty":"sh","ix":1,"ks":{"a":0,"k":{"i":[[3.787,2.307],[0.882,-0.126],[0.539,-2.057],[10.686,4.023],[-4.345,-1.74],[-7.898,0.74]],"o":[[-0.789,0.185],[1.051,2.526],[-7.698,0.721],[0.352,1.936],[10.708,4.288],[1.168,-4.452]],"v":[[13.9,-7.454],[11.389,-6.989],[12.385,0.283],[-21.31,-4.041],[-14.378,2.072],[20.142,6.714]],"c":true},"ix":2},"nm":"Path 1","mn":"ADBE Vector Shape - Group","hd":false},{"ty":"fl","c":{"a":0,"k":[0.501960784314,0.188235309077,0.105882360421,1],"ix":4},"o":{"a":0,"k":100,"ix":5},"r":1,"bm":0,"nm":"Fill 1","mn":"ADBE Vector Graphic - Fill","hd":false},{"ty":"tr","p":{"a":0,"k":[31.14,80.603],"ix":2},"a":{"a":0,"k":[0,0],"ix":1},"s":{"a":0,"k":[100,100],"ix":3},"r":{"a":0,"k":0,"ix":6},"o":{"a":0,"k":100,"ix":7},"sk":{"a":0,"k":0,"ix":4},"sa":{"a":0,"k":0,"ix":5},"nm":"Transform"}],"nm":"Group 2","np":4,"cix":2,"bm":0,"ix":2,"mn":"ADBE Vector Group","hd":false},{"ty":"gr","it":[{"ind":0,"ty":"sh","ix":1,"ks":{"a":0,"k":{"i":[[-2.601,8.284],[0.269,-0.354],[-13.235,-8.501],[0.045,2.047]],"o":[[-0.373,0.238],[-4.012,5.264],[-0.543,-2.34],[-14.322,-4.462]],"v":[[-11.187,-13.85],[-12.155,-12.965],[18.302,17.662],[20.872,7.153]],"c":true},"ix":2},"nm":"Path 1","mn":"ADBE Vector Shape - Group","hd":false},{"ty":"fl","c":{"a":0,"k":[0.501960784314,0.188235309077,0.105882360421,1],"ix":4},"o":{"a":0,"k":100,"ix":5},"r":1,"bm":0,"nm":"Fill 1","mn":"ADBE Vector Graphic - Fill","hd":false},{"ty":"tr","p":{"a":0,"k":[16.417,33.665],"ix":2},"a":{"a":0,"k":[0,0],"ix":1},"s":{"a":0,"k":[100,100],"ix":3},"r":{"a":0,"k":0,"ix":6},"o":{"a":0,"k":100,"ix":7},"sk":{"a":0,"k":0,"ix":4},"sa":{"a":0,"k":0,"ix":5},"nm":"Transform"}],"nm":"Group 3","np":4,"cix":2,"bm":0,"ix":3,"mn":"ADBE Vector Group","hd":false},{"ty":"gr","it":[{"ind":0,"ty":"sh","ix":1,"ks":{"a":0,"k":{"i":[[0.663,2.36],[-0.112,-1.043],[-4.456,9.355],[0.136,-0.935],[-14.473,-9.258]],"o":[[0.162,0.955],[-11.707,-5.644],[-0.663,0.413],[-1.067,7.344],[-0.321,-3.012]],"v":[[16.066,7.363],[13.807,4.872],[-13.127,-15.397],[-14.366,-13.402],[17.583,15.397]],"c":true},"ix":2},"nm":"Path 1","mn":"ADBE Vector Shape - Group","hd":false},{"ty":"fl","c":{"a":0,"k":[0.501960784314,0.188235309077,0.105882360421,1],"ix":4},"o":{"a":0,"k":100,"ix":5},"r":1,"bm":0,"nm":"Fill 1","mn":"ADBE Vector Graphic - Fill","hd":false},{"ty":"tr","p":{"a":0,"k":[21.089,15.647],"ix":2},"a":{"a":0,"k":[0,0],"ix":1},"s":{"a":0,"k":[100,100],"ix":3},"r":{"a":0,"k":0,"ix":6},"o":{"a":0,"k":100,"ix":7},"sk":{"a":0,"k":0,"ix":4},"sa":{"a":0,"k":0,"ix":5},"nm":"Transform"}],"nm":"Group 4","np":4,"cix":2,"bm":0,"ix":4,"mn":"ADBE Vector Group","hd":false},{"ty":"gr","it":[{"ind":0,"ty":"sh","ix":1,"ks":{"a":0,"k":{"i":[[1.31,-9.181],[-1.351,-0.869],[0.286,2.184],[3.795,2.042]],"o":[[1.391,0.95],[7.18,1.755],[-1.929,-2.348],[4.077,4.909]],"v":[[0.324,9.636],[4.449,12.371],[8.574,-1.656],[-4.736,-12.371]],"c":true},"ix":2},"nm":"Path 1","mn":"ADBE Vector Shape - Group","hd":false},{"ty":"fl","c":{"a":0,"k":[0.501960784314,0.188235309077,0.105882360421,1],"ix":4},"o":{"a":0,"k":100,"ix":5},"r":1,"bm":0,"nm":"Fill 1","mn":"ADBE Vector Graphic - Fill","hd":false},{"ty":"tr","p":{"a":0,"k":[25.332,35.144],"ix":2},"a":{"a":0,"k":[0,0],"ix":1},"s":{"a":0,"k":[100,100],"ix":3},"r":{"a":0,"k":0,"ix":6},"o":{"a":0,"k":100,"ix":7},"sk":{"a":0,"k":0,"ix":4},"sa":{"a":0,"k":0,"ix":5},"nm":"Transform"}],"nm":"Group 5","np":4,"cix":2,"bm":0,"ix":5,"mn":"ADBE Vector Group","hd":false},{"ty":"gr","it":[{"ind":0,"ty":"sh","ix":1,"ks":{"a":0,"k":{"i":[[3.5,-1],[-3.5,5.5],[0,0]],"o":[[3.5,-1.5],[0,0],[-9.2,8.4]],"v":[[-11.5,9.25],[10,-9.25],[11.5,-5.25]],"c":true},"ix":2},"nm":"Path 1","mn":"ADBE Vector Shape - Group","hd":false},{"ty":"fl","c":{"a":0,"k":[0.501960784314,0.188235309077,0.105882360421,1],"ix":4},"o":{"a":0,"k":100,"ix":5},"r":1,"bm":0,"nm":"Fill 1","mn":"ADBE Vector Graphic - Fill","hd":false},{"ty":"tr","p":{"a":0,"k":[102.087,66.998],"ix":2},"a":{"a":0,"k":[0,0],"ix":1},"s":{"a":0,"k":[100,100],"ix":3},"r":{"a":0,"k":0,"ix":6},"o":{"a":0,"k":100,"ix":7},"sk":{"a":0,"k":0,"ix":4},"sa":{"a":0,"k":0,"ix":5},"nm":"Transform"}],"nm":"Group 6","np":4,"cix":2,"bm":0,"ix":6,"mn":"ADBE Vector Group","hd":false},{"ty":"gr","it":[{"ind":0,"ty":"sh","ix":1,"ks":{"a":0,"k":{"i":[[0.203,0.411],[0.311,6.336],[0.087,-3.01],[-1.821,-2.77]],"o":[[-3.217,-6.532],[-0.467,3.242],[1.599,4.802],[0.252,0.382]],"v":[[3.023,10.117],[-2.419,-10.865],[-3.226,-1.469],[2.392,10.482]],"c":true},"ix":2},"nm":"Path 1","mn":"ADBE Vector Shape - Group","hd":false},{"ty":"fl","c":{"a":0,"k":[0.501960784314,0.188235309077,0.105882360421,1],"ix":4},"o":{"a":0,"k":100,"ix":5},"r":1,"bm":0,"nm":"Fill 1","mn":"ADBE Vector Graphic - Fill","hd":false},{"ty":"tr","p":{"a":0,"k":[105.313,94.613],"ix":2},"a":{"a":0,"k":[0,0],"ix":1},"s":{"a":0,"k":[100,100],"ix":3},"r":{"a":0,"k":0,"ix":6},"o":{"a":0,"k":100,"ix":7},"sk":{"a":0,"k":0,"ix":4},"sa":{"a":0,"k":0,"ix":5},"nm":"Transform"}],"nm":"Group 7","np":4,"cix":2,"bm":0,"ix":7,"mn":"ADBE Vector Group","hd":false},{"ty":"gr","it":[{"ind":0,"ty":"sh","ix":1,"ks":{"a":0,"k":{"i":[[1.005,-1.123],[0.368,-2.094],[-0.353,1.877],[-1.396,2.019]],"o":[[-1.853,2.069],[-0.37,2.093],[0.354,-1.877],[1.396,-2.018]],"v":[[1.799,-6.067],[-3.52,5.833],[-2.895,5.443],[2.494,-5.908]],"c":true},"ix":2},"nm":"Path 1","mn":"ADBE Vector Shape - Group","hd":false},{"ty":"fl","c":{"a":0,"k":[0.501960784314,0.188235309077,0.105882360421,1],"ix":4},"o":{"a":0,"k":100,"ix":5},"r":1,"bm":0,"nm":"Fill 1","mn":"ADBE Vector Graphic - Fill","hd":false},{"ty":"tr","p":{"a":0,"k":[131.511,125.478],"ix":2},"a":{"a":0,"k":[0,0],"ix":1},"s":{"a":0,"k":[100,100],"ix":3},"r":{"a":0,"k":0,"ix":6},"o":{"a":0,"k":100,"ix":7},"sk":{"a":0,"k":0,"ix":4},"sa":{"a":0,"k":0,"ix":5},"nm":"Transform"}],"nm":"Group 8","np":4,"cix":2,"bm":0,"ix":8,"mn":"ADBE Vector Group","hd":false},{"ty":"gr","it":[{"ind":0,"ty":"sh","ix":1,"ks":{"a":0,"k":{"i":[[1.745,-1.898],[0.998,-4.597],[-0.406,1.424],[-3.968,3.153]],"o":[[-3.157,3.434],[-0.315,1.452],[0.407,-1.424],[3.967,-3.153]],"v":[[2.458,-8.917],[-6.551,9.687],[-5.951,9.461],[2.9,-7.986]],"c":true},"ix":2},"nm":"Path 1","mn":"ADBE Vector Shape - Group","hd":false},{"ty":"fl","c":{"a":0,"k":[0.501960784314,0.188235309077,0.105882360421,1],"ix":4},"o":{"a":0,"k":100,"ix":5},"r":1,"bm":0,"nm":"Fill 1","mn":"ADBE Vector Graphic - Fill","hd":false},{"ty":"tr","p":{"a":0,"k":[130.603,118.411],"ix":2},"a":{"a":0,"k":[0,0],"ix":1},"s":{"a":0,"k":[100,100],"ix":3},"r":{"a":0,"k":0,"ix":6},"o":{"a":0,"k":100,"ix":7},"sk":{"a":0,"k":0,"ix":4},"sa":{"a":0,"k":0,"ix":5},"nm":"Transform"}],"nm":"Group 9","np":4,"cix":2,"bm":0,"ix":9,"mn":"ADBE Vector Group","hd":false},{"ty":"gr","it":[{"ind":0,"ty":"sh","ix":1,"ks":{"a":0,"k":{"i":[[7.606,2.808],[4.866,7.04],[0,0],[0,0],[-1.323,-3.087],[0,0],[-1.073,-1.569],[0,0],[0,0],[0,0],[-4.594,-1.901],[-7.356,-6.634],[-14.341,-24.55],[-4.323,2.299],[8.742,9.826]],"o":[[-8.939,-3.301],[0,0],[0,0],[-2.651,2.062],[0,0],[0.749,1.748],[0,0],[0,0],[0,0],[6.5,8],[4.594,1.901],[7.355,6.633],[4.294,-3.597],[-17.68,-12.823],[-10.533,-11.838]],"v":[[-3.707,-13.277],[-20.468,-26.728],[-43.316,-59.26],[-54.816,-54.26],[-57.07,-45.52],[-55.942,-42.888],[-53.202,-37.901],[-51.566,-35.51],[-48.316,-30.76],[-40.816,-22.26],[-16.805,-11.253],[-3.981,-3.759],[45.414,59.259],[58.393,50.704],[14.584,6.251]],"c":true},"ix":2},"nm":"Path 1","mn":"ADBE Vector Shape - Group","hd":false},{"ty":"fl","c":{"a":0,"k":[0.501960784314,0.188235309077,0.105882360421,1],"ix":4},"o":{"a":0,"k":100,"ix":5},"r":1,"bm":0,"nm":"Fill 1","mn":"ADBE Vector Graphic - Fill","hd":false},{"ty":"tr","p":{"a":0,"k":[118.403,142.008],"ix":2},"a":{"a":0,"k":[0,0],"ix":1},"s":{"a":0,"k":[100,100],"ix":3},"r":{"a":0,"k":0,"ix":6},"o":{"a":0,"k":100,"ix":7},"sk":{"a":0,"k":0,"ix":4},"sa":{"a":0,"k":0,"ix":5},"nm":"Transform"}],"nm":"Group 10","np":4,"cix":2,"bm":0,"ix":10,"mn":"ADBE Vector Group","hd":false}],"ip":0,"op":899.000036617021,"st":0,"bm":0},{"ddd":0,"ind":9,"ty":4,"nm":"Hand Bottom Outlines","sr":1,"ks":{"o":{"a":0,"k":100,"ix":11},"r":{"a":0,"k":0,"ix":10},"p":{"a":0,"k":[192.144,175.716,0],"ix":2},"a":{"a":0,"k":[106.292,114.282,0],"ix":1},"s":{"a":0,"k":[100,100,100],"ix":6}},"ao":0,"shapes":[{"ty":"gr","it":[{"ind":0,"ty":"sh","ix":1,"ks":{"a":0,"k":{"i":[[-0.257,2.313],[0.458,2.623],[2.149,-0.118],[-3.586,-4.522],[-6.062,-2.4]],"o":[[0.309,-2.78],[-6.255,-2.078],[-3.941,-0.517],[3.697,4.662],[0.758,-2.096]],"v":[[11.601,3.744],[11.352,-4.389],[-7.969,-9.853],[-6.946,-1.775],[10.06,10.37]],"c":true},"ix":2},"nm":"Path 1","mn":"ADBE Vector Shape - Group","hd":false},{"ty":"fl","c":{"a":0,"k":[0.737254901961,0.733333333333,0.84313731474,1],"ix":4},"o":{"a":0,"k":100,"ix":5},"r":1,"bm":0,"nm":"Fill 1","mn":"ADBE Vector Graphic - Fill","hd":false},{"ty":"tr","p":{"a":0,"k":[83.821,54.789],"ix":2},"a":{"a":0,"k":[0,0],"ix":1},"s":{"a":0,"k":[100,100],"ix":3},"r":{"a":0,"k":0,"ix":6},"o":{"a":0,"k":100,"ix":7},"sk":{"a":0,"k":0,"ix":4},"sa":{"a":0,"k":0,"ix":5},"nm":"Transform"}],"nm":"Group 1","np":4,"cix":2,"bm":0,"ix":1,"mn":"ADBE Vector Group","hd":false},{"ty":"gr","it":[{"ind":0,"ty":"sh","ix":1,"ks":{"a":0,"k":{"i":[[1.612,0.982],[9.666,0.173],[-8.408,-3.368],[-7.898,0.74],[0.282,1.455],[0.864,1.596]],"o":[[-8.164,1.922],[-5.783,-0.103],[10.708,4.288],[0.312,-1.187],[-0.325,-1.678],[-1.196,-2.21]],"v":[[10.192,-6.349],[-21.238,-6.067],[-18.087,3.177],[16.434,7.819],[26.739,5.25],[20.739,-6.349]],"c":true},"ix":2},"nm":"Path 1","mn":"ADBE Vector Shape - Group","hd":false},{"ty":"fl","c":{"a":0,"k":[0.635294117647,0.239215701234,0.133333333333,1],"ix":4},"o":{"a":0,"k":100,"ix":5},"r":1,"bm":0,"nm":"Fill 1","mn":"ADBE Vector Graphic - Fill","hd":false},{"ty":"tr","p":{"a":0,"k":[34.848,106.544],"ix":2},"a":{"a":0,"k":[0,0],"ix":1},"s":{"a":0,"k":[100,100],"ix":3},"r":{"a":0,"k":0,"ix":6},"o":{"a":0,"k":100,"ix":7},"sk":{"a":0,"k":0,"ix":4},"sa":{"a":0,"k":0,"ix":5},"nm":"Transform"}],"nm":"Group 2","np":4,"cix":2,"bm":0,"ix":2,"mn":"ADBE Vector Group","hd":false},{"ty":"gr","it":[{"ind":0,"ty":"sh","ix":1,"ks":{"a":0,"k":{"i":[[1.185,0.902],[0.845,-5.815],[-14.473,-9.257]],"o":[[-6.235,-4.811],[-1.067,7.344],[-1.915,-17.941]],"v":[[4.13,-7.307],[-15.441,-11.492],[16.508,17.307]],"c":true},"ix":2},"nm":"Path 1","mn":"ADBE Vector Shape - Group","hd":false},{"ty":"fl","c":{"a":0,"k":[0.635294117647,0.239215701234,0.133333333333,1],"ix":4},"o":{"a":0,"k":100,"ix":5},"r":1,"bm":0,"nm":"Fill 1","mn":"ADBE Vector Graphic - Fill","hd":false},{"ty":"tr","p":{"a":0,"k":[22.163,40.782],"ix":2},"a":{"a":0,"k":[0,0],"ix":1},"s":{"a":0,"k":[100,100],"ix":3},"r":{"a":0,"k":0,"ix":6},"o":{"a":0,"k":100,"ix":7},"sk":{"a":0,"k":0,"ix":4},"sa":{"a":0,"k":0,"ix":5},"nm":"Transform"}],"nm":"Group 3","np":4,"cix":2,"bm":0,"ix":3,"mn":"ADBE Vector Group","hd":false},{"ty":"gr","it":[{"ind":0,"ty":"sh","ix":1,"ks":{"a":0,"k":{"i":[[1.238,2.025],[-1.585,1.947],[-4.337,-6.85],[0.802,-0.368],[1.613,-0.176]],"o":[[-2.919,-4.775],[1.586,-1.946],[0.981,1.974],[-2.066,0.948],[-1.7,0.186]],"v":[[-10.44,-3.096],[-12.729,-14.169],[2.031,-5.545],[13.512,9.929],[4.512,15.929]],"c":true},"ix":2},"nm":"Path 1","mn":"ADBE Vector Shape - Group","hd":false},{"ty":"fl","c":{"a":0,"k":[0.635294117647,0.239215701234,0.133333333333,1],"ix":4},"o":{"a":0,"k":100,"ix":5},"r":1,"bm":0,"nm":"Fill 1","mn":"ADBE Vector Graphic - Fill","hd":false},{"ty":"tr","p":{"a":0,"k":[42.075,16.365],"ix":2},"a":{"a":0,"k":[0,0],"ix":1},"s":{"a":0,"k":[100,100],"ix":3},"r":{"a":0,"k":0,"ix":6},"o":{"a":0,"k":100,"ix":7},"sk":{"a":0,"k":0,"ix":4},"sa":{"a":0,"k":0,"ix":5},"nm":"Transform"}],"nm":"Group 4","np":4,"cix":2,"bm":0,"ix":4,"mn":"ADBE Vector Group","hd":false},{"ty":"gr","it":[{"ind":0,"ty":"sh","ix":1,"ks":{"a":0,"k":{"i":[[0,0],[4.012,-5.264],[-13.235,-8.502],[-2.486,1.279],[0.169,1.29]],"o":[[-5.197,-6.324],[-4.011,5.264],[2.806,1.802],[3.583,-1.842],[0,0]],"v":[[6.321,-4.993],[-19.199,-14.032],[6.321,12.784],[19.627,18.017],[22.627,6.517]],"c":false},"ix":2},"nm":"Path 1","mn":"ADBE Vector Shape - Group","hd":false},{"ty":"fl","c":{"a":0,"k":[0.635294117647,0.239215701234,0.133333333333,1],"ix":4},"o":{"a":0,"k":100,"ix":5},"r":1,"bm":0,"nm":"Fill 1","mn":"ADBE Vector Graphic - Fill","hd":false},{"ty":"tr","p":{"a":0,"k":[23.46,61.777],"ix":2},"a":{"a":0,"k":[0,0],"ix":1},"s":{"a":0,"k":[100,100],"ix":3},"r":{"a":0,"k":0,"ix":6},"o":{"a":0,"k":100,"ix":7},"sk":{"a":0,"k":0,"ix":4},"sa":{"a":0,"k":0,"ix":5},"nm":"Transform"}],"nm":"Group 5","np":4,"cix":2,"bm":0,"ix":5,"mn":"ADBE Vector Group","hd":false},{"ty":"gr","it":[{"ind":0,"ty":"sh","ix":1,"ks":{"a":0,"k":{"i":[[0.851,-3.697],[-3.03,-2.043],[0,0],[0.373,0.283],[2.492,1.199]],"o":[[2.739,2.076],[0,0],[-1.492,-1.472],[-1.855,-1.432],[1.389,4.652]],"v":[[-4.596,4.852],[4.152,11.061],[4.898,-4.445],[1.861,-6.966],[-4.898,-11.061]],"c":true},"ix":2},"nm":"Path 1","mn":"ADBE Vector Shape - Group","hd":false},{"ty":"fl","c":{"a":0,"k":[0.501960784314,0.188235309077,0.105882360421,1],"ix":4},"o":{"a":0,"k":100,"ix":5},"r":1,"bm":0,"nm":"Fill 1","mn":"ADBE Vector Graphic - Fill","hd":false},{"ty":"tr","p":{"a":0,"k":[24.432,40.442],"ix":2},"a":{"a":0,"k":[0,0],"ix":1},"s":{"a":0,"k":[100,100],"ix":3},"r":{"a":0,"k":0,"ix":6},"o":{"a":0,"k":100,"ix":7},"sk":{"a":0,"k":0,"ix":4},"sa":{"a":0,"k":0,"ix":5},"nm":"Transform"}],"nm":"Group 6","np":4,"cix":2,"bm":0,"ix":6,"mn":"ADBE Vector Group","hd":false},{"ty":"gr","it":[{"ind":0,"ty":"sh","ix":1,"ks":{"a":0,"k":{"i":[[0.663,2.36],[-0.111,-1.043],[-4.455,9.355],[0.136,-0.934],[-14.473,-9.258]],"o":[[0.161,0.956],[-11.706,-5.644],[-0.663,0.414],[-1.068,7.344],[-0.322,-3.012]],"v":[[16.066,7.363],[13.805,4.872],[-13.128,-15.397],[-14.366,-13.402],[17.583,15.397]],"c":true},"ix":2},"nm":"Path 1","mn":"ADBE Vector Shape - Group","hd":false},{"ty":"fl","c":{"a":0,"k":[0.501960784314,0.188235309077,0.105882360421,1],"ix":4},"o":{"a":0,"k":100,"ix":5},"r":1,"bm":0,"nm":"Fill 1","mn":"ADBE Vector Graphic - Fill","hd":false},{"ty":"tr","p":{"a":0,"k":[21.09,42.693],"ix":2},"a":{"a":0,"k":[0,0],"ix":1},"s":{"a":0,"k":[100,100],"ix":3},"r":{"a":0,"k":0,"ix":6},"o":{"a":0,"k":100,"ix":7},"sk":{"a":0,"k":0,"ix":4},"sa":{"a":0,"k":0,"ix":5},"nm":"Transform"}],"nm":"Group 7","np":4,"cix":2,"bm":0,"ix":7,"mn":"ADBE Vector Group","hd":false},{"ty":"gr","it":[{"ind":0,"ty":"sh","ix":1,"ks":{"a":0,"k":{"i":[[1.186,0.902],[0.845,-5.815],[-14.473,-9.258]],"o":[[-6.234,-4.811],[-1.068,7.344],[-1.915,-17.942]],"v":[[4.129,-7.307],[-15.44,-11.492],[16.508,17.307]],"c":true},"ix":2},"nm":"Path 1","mn":"ADBE Vector Shape - Group","hd":false},{"ty":"fl","c":{"a":0,"k":[0.635294117647,0.239215701234,0.133333333333,1],"ix":4},"o":{"a":0,"k":100,"ix":5},"r":1,"bm":0,"nm":"Fill 1","mn":"ADBE Vector Graphic - Fill","hd":false},{"ty":"tr","p":{"a":0,"k":[22.164,40.783],"ix":2},"a":{"a":0,"k":[0,0],"ix":1},"s":{"a":0,"k":[100,100],"ix":3},"r":{"a":0,"k":0,"ix":6},"o":{"a":0,"k":100,"ix":7},"sk":{"a":0,"k":0,"ix":4},"sa":{"a":0,"k":0,"ix":5},"nm":"Transform"}],"nm":"Group 8","np":4,"cix":2,"bm":0,"ix":8,"mn":"ADBE Vector Group","hd":false},{"ty":"gr","it":[{"ind":0,"ty":"sh","ix":1,"ks":{"a":0,"k":{"i":[[2.97,1.129],[-1.585,1.947],[-4.337,-6.85]],"o":[[-2.92,-4.775],[1.586,-1.946],[-5.523,3.152]],"v":[[-4.299,5.945],[-6.588,-5.128],[8.173,3.496]],"c":true},"ix":2},"nm":"Path 1","mn":"ADBE Vector Shape - Group","hd":false},{"ty":"fl","c":{"a":0,"k":[0.635294117647,0.239215701234,0.133333333333,1],"ix":4},"o":{"a":0,"k":100,"ix":5},"r":1,"bm":0,"nm":"Fill 1","mn":"ADBE Vector Graphic - Fill","hd":false},{"ty":"tr","p":{"a":0,"k":[35.934,7.324],"ix":2},"a":{"a":0,"k":[0,0],"ix":1},"s":{"a":0,"k":[100,100],"ix":3},"r":{"a":0,"k":0,"ix":6},"o":{"a":0,"k":100,"ix":7},"sk":{"a":0,"k":0,"ix":4},"sa":{"a":0,"k":0,"ix":5},"nm":"Transform"}],"nm":"Group 9","np":4,"cix":2,"bm":0,"ix":9,"mn":"ADBE Vector Group","hd":false},{"ty":"gr","it":[{"ind":0,"ty":"sh","ix":1,"ks":{"a":0,"k":{"i":[[3.654,5.237],[0.855,5.75],[0,0],[-3.056,-3.22],[-8.397,-8.646],[-14.253,-11.698],[1.214,-1.655],[7.457,7.678]],"o":[[-2.54,-3.641],[0,0],[0.855,5.75],[3.057,3.221],[8.397,8.646],[-1.122,2],[-14.038,-12.153],[-8.396,-8.646]],"v":[[-32.326,-22.859],[-35.785,-36.608],[-32.28,-39.559],[-24.305,-26.83],[-1.882,-1.321],[35.785,34.094],[32.279,39.559],[-9.428,3.206]],"c":true},"ix":2},"nm":"Path 1","mn":"ADBE Vector Shape - Group","hd":false},{"ty":"fl","c":{"a":0,"k":[0.670588235294,0.294117647059,0.196078446332,1],"ix":4},"o":{"a":0,"k":100,"ix":5},"r":1,"bm":0,"nm":"Fill 1","mn":"ADBE Vector Graphic - Fill","hd":false},{"ty":"tr","p":{"a":0,"k":[176.549,158.133],"ix":2},"a":{"a":0,"k":[0,0],"ix":1},"s":{"a":0,"k":[100,100],"ix":3},"r":{"a":0,"k":0,"ix":6},"o":{"a":0,"k":100,"ix":7},"sk":{"a":0,"k":0,"ix":4},"sa":{"a":0,"k":0,"ix":5},"nm":"Transform"}],"nm":"Group 10","np":4,"cix":2,"bm":0,"ix":10,"mn":"ADBE Vector Group","hd":false},{"ty":"gr","it":[{"ind":0,"ty":"sh","ix":1,"ks":{"a":0,"k":{"i":[[3.057,3.22],[0.855,5.75],[0,0],[-3.004,-12.264],[0,0],[-3.532,-3.723],[0,0],[-4.594,-1.901],[-7.356,-6.634],[-14.341,-24.549],[-12.533,22.339],[8.397,8.646]],"o":[[-3.056,-3.22],[0,0],[-10.478,20.756],[0,0],[2.492,4.486],[0,0],[4.136,7.161],[4.594,1.901],[7.355,6.633],[17.434,-14.605],[-14.254,-11.698],[-8.397,-8.646]],"v":[[17.785,-26.393],[9.81,-39.122],[-23.226,-70.618],[-74.872,-36.402],[-71.125,-29.658],[-62.051,-17.294],[-56.517,-11.462],[-32.861,0.105],[-20.037,7.6],[29.358,70.617],[77.876,34.531],[40.208,-0.883]],"c":true},"ix":2},"nm":"Path 1","mn":"ADBE Vector Shape - Group","hd":false},{"ty":"fl","c":{"a":0,"k":[0.635294117647,0.239215701234,0.133333333333,1],"ix":4},"o":{"a":0,"k":100,"ix":5},"r":1,"bm":0,"nm":"Fill 1","mn":"ADBE Vector Graphic - Fill","hd":false},{"ty":"tr","p":{"a":0,"k":[134.458,157.695],"ix":2},"a":{"a":0,"k":[0,0],"ix":1},"s":{"a":0,"k":[100,100],"ix":3},"r":{"a":0,"k":0,"ix":6},"o":{"a":0,"k":100,"ix":7},"sk":{"a":0,"k":0,"ix":4},"sa":{"a":0,"k":0,"ix":5},"nm":"Transform"}],"nm":"Group 11","np":4,"cix":2,"bm":0,"ix":11,"mn":"ADBE Vector Group","hd":false}],"ip":0,"op":899.000036617021,"st":0,"bm":0}]},{"id":"comp_2","layers":[{"ddd":0,"ind":1,"ty":4,"nm":"Cloud Outlines","sr":1,"ks":{"o":{"a":0,"k":45,"ix":11},"r":{"a":1,"k":[{"i":{"x":[0.5],"y":[1]},"o":{"x":[0.5],"y":[0]},"t":15,"s":[24.594]},{"t":33.0000013441176,"s":[0]}],"ix":10},"p":{"a":1,"k":[{"i":{"x":0.5,"y":1},"o":{"x":0.5,"y":0},"t":15,"s":[80,316.027,0],"to":[0,0,0],"ti":[0,0,0]},{"t":33.0000013441176,"s":[176.644,174.027,0]}],"ix":2},"a":{"a":0,"k":[142.119,94.909,0],"ix":1},"s":{"a":0,"k":[100,100,100],"ix":6}},"ao":0,"shapes":[{"ty":"gr","it":[{"ind":0,"ty":"sh","ix":1,"ks":{"a":0,"k":{"i":[[0,0],[0,0],[0.341,-0.303],[13.273,-5.231],[-4.874,-4.019],[1.015,-0.569],[-2.135,-4.04],[0.365,-1.712],[0,0],[1.373,-1.373],[4.186,-1.032],[0,0],[10.718,-0.402],[20.369,-28.895],[-19.749,-32.853],[-6.35,-11.547],[0,0],[1.281,-0.291],[0,0],[0,0],[0,0],[5.588,-10.273],[8.811,1.34],[-2.349,-4.916],[-7.239,-1.764],[-1.028,7.014],[8.172,14.038]],"o":[[0,0],[-0.398,0.192],[-5.121,-8.229],[-9.014,3.552],[-1.015,0.569],[-6.884,-4.512],[-1.958,0.401],[0,0],[-3.31,-2.086],[-5.007,5.003],[0,0],[-4.837,-6.771],[21.632,-26.095],[-47.142,-61.425],[-13.354,-8.042],[0,0],[-1.478,-0.913],[0,0],[0,0],[0,0],[-8.541,1.793],[-3.176,-2.033],[-14.142,-2.152],[-15.828,4.76],[-11.882,14.49],[19.903,-4.593],[0,0]],"v":[[134.548,-45.863],[144.751,-66.588],[128.336,-69.108],[94.521,-68.829],[80.323,-48.476],[77.279,-46.768],[68.261,-40.256],[64.818,-37.049],[64.132,-36.904],[57.076,-35.7],[40.355,-28.316],[37.592,-27.729],[14.035,-38.805],[-18.979,-68.663],[-105.733,-35.93],[-126.052,-17.554],[-128.021,-14.352],[-132.237,-15.167],[-108.84,94.909],[152.001,44.189],[137.38,-24.596],[115.24,-7.267],[97.076,-18.008],[66.713,-5.441],[63.261,14.695],[23.109,13.827],[38.997,-25.553]],"c":true},"ix":2},"nm":"Path 1","mn":"ADBE Vector Shape - Group","hd":false},{"ty":"fl","c":{"a":0,"k":[1,1,1,1],"ix":4},"o":{"a":0,"k":100,"ix":5},"r":1,"bm":0,"nm":"Fill 1","mn":"ADBE Vector Graphic - Fill","hd":false},{"ty":"tr","p":{"a":0,"k":[132.238,94.909],"ix":2},"a":{"a":0,"k":[0,0],"ix":1},"s":{"a":0,"k":[100,100],"ix":3},"r":{"a":0,"k":0,"ix":6},"o":{"a":0,"k":100,"ix":7},"sk":{"a":0,"k":0,"ix":4},"sa":{"a":0,"k":0,"ix":5},"nm":"Transform"}],"nm":"Group 1","np":2,"cix":2,"bm":0,"ix":1,"mn":"ADBE Vector Group","hd":false}],"ip":0,"op":899.000036617021,"st":0,"bm":0}]}],"layers":[{"ddd":0,"ind":1,"ty":0,"nm":"Hand and Device Coming In","refId":"comp_0","sr":1,"ks":{"o":{"a":0,"k":100,"ix":11},"r":{"a":0,"k":0,"ix":10},"p":{"a":0,"k":[149.5,145,0],"ix":2},"a":{"a":0,"k":[149.5,145,0],"ix":1},"s":{"a":0,"k":[100,100,100],"ix":6}},"ao":0,"hasMask":true,"masksProperties":[{"inv":false,"mode":"a","pt":{"a":0,"k":{"i":[[0,0],[0,0],[0,0],[0,0],[0,0],[0,94]],"o":[[0,0],[0,0],[0,0],[0,0],[0,0],[0,-88]],"v":[[220,-10],[-6.5,-5.5],[-16,339],[138.76,229.193],[170.5,233.5],[257.5,136]],"c":true},"ix":1},"o":{"a":0,"k":100,"ix":3},"x":{"a":0,"k":0,"ix":4},"nm":"Mask 1"}],"w":299,"h":290,"ip":0,"op":899.000036617021,"st":0,"bm":0},{"ddd":0,"ind":2,"ty":0,"nm":"Coud Animated","refId":"comp_2","sr":1,"ks":{"o":{"a":0,"k":100,"ix":11},"r":{"a":0,"k":0,"ix":10},"p":{"a":0,"k":[149.5,145,0],"ix":2},"a":{"a":0,"k":[149.5,145,0],"ix":1},"s":{"a":0,"k":[100,100,100],"ix":6}},"ao":0,"hasMask":true,"masksProperties":[{"inv":false,"mode":"a","pt":{"a":0,"k":{"i":[[48.877,0],[0,-48.877],[-48.877,0],[0,48.877]],"o":[[-48.877,0],[0,48.877],[48.877,0],[0,-48.877]],"v":[[168.5,55],[80,143.5],[168.5,232],[257,143.5]],"c":true},"ix":1},"o":{"a":0,"k":100,"ix":3},"x":{"a":0,"k":0,"ix":4},"nm":"Mask 1"}],"w":299,"h":290,"ip":0,"op":899.000036617021,"st":0,"bm":0},{"ddd":0,"ind":3,"ty":4,"nm":"Oval Outlines","sr":1,"ks":{"o":{"a":0,"k":100,"ix":11},"r":{"a":0,"k":0,"ix":10},"p":{"a":0,"k":[168.439,143.728,0],"ix":2},"a":{"a":0,"k":[88.75,88.75,0],"ix":1},"s":{"a":1,"k":[{"i":{"x":[0.5,0.5,0.5],"y":[1,1,1]},"o":{"x":[0.5,0.5,0.5],"y":[0,0,0]},"t":1,"s":[0,0,100]},{"t":16.0000006516934,"s":[100,100,100]}],"ix":6}},"ao":0,"shapes":[{"ty":"gr","it":[{"ind":0,"ty":"sh","ix":1,"ks":{"a":0,"k":{"i":[[0,-48.877],[48.877,0],[0,48.877],[-48.877,0]],"o":[[0,48.877],[-48.877,0],[0,-48.877],[48.877,0]],"v":[[88.5,0],[0,88.5],[-88.5,0],[0,-88.5]],"c":true},"ix":2},"nm":"Path 1","mn":"ADBE Vector Shape - Group","hd":false},{"ty":"gf","o":{"a":0,"k":100,"ix":10},"r":1,"bm":0,"g":{"p":3,"k":{"a":0,"k":[0,0.42,0.8,1,0.5,0.486,0.9,0.857,1,0.553,1,0.714],"ix":9}},"s":{"a":0,"k":[0.59,-88.719],"ix":5},"e":{"a":0,"k":[0.727,88.797],"ix":6},"t":1,"nm":"Gradient Fill 1","mn":"ADBE Vector Graphic - G-Fill","hd":false},{"ty":"tr","p":{"a":0,"k":[88.75,88.75],"ix":2},"a":{"a":0,"k":[0,0],"ix":1},"s":{"a":0,"k":[100,100],"ix":3},"r":{"a":0,"k":0,"ix":6},"o":{"a":0,"k":100,"ix":7},"sk":{"a":0,"k":0,"ix":4},"sa":{"a":0,"k":0,"ix":5},"nm":"Transform"}],"nm":"Group 1","np":2,"cix":2,"bm":0,"ix":1,"mn":"ADBE Vector Group","hd":false}],"ip":0,"op":899.000036617021,"st":0,"bm":0}],"markers":[]}